<?xml version="1.0" encoding="UTF-8"?>
<project-private xmlns="http://www.netbeans.org/ns/project-private/1">
    <editor-bookmarks xmlns="http://www.netbeans.org/ns/editor-bookmarks/2" lastBookmarkId="0"/>
    <open-files xmlns="http://www.netbeans.org/ns/projectui-open-files/2">
        <group>
            <file>file:/C:/Users/Ahmad%20El-Gohary/Documents/NetBeansProjects/coe318/Lab7.2/lab7p2/src/coe318/lab7/Compounent.java</file>
            <file>file:/C:/Users/Ahmad%20El-Gohary/Documents/NetBeansProjects/coe318/Lab7.2/lab7p2/src/coe318/lab7/Voltage.java</file>
            <file>file:/C:/Users/Ahmad%20El-Gohary/Documents/NetBeansProjects/coe318/Lab7.2/lab7p2/src/coe318/lab7/Node.java</file>
            <file>file:/C:/Users/Ahmad%20El-Gohary/Documents/NetBeansProjects/coe318/Lab7.2/lab7p2/src/coe318/lab7/testing.java</file>
            <file>file:/C:/Users/Ahmad%20El-Gohary/Documents/NetBeansProjects/coe318/Lab7.2/lab7p2/src/coe318/lab7/Circuit.java</file>
            <file>file:/C:/Users/Ahmad%20El-Gohary/Documents/NetBeansProjects/coe318/Lab7.2/lab7p2/src/coe318/lab7/UI.java</file>
            <file>file:/C:/Users/Ahmad%20El-Gohary/Documents/NetBeansProjects/coe318/Lab7.2/lab7p2/src/coe318/lab7/SimpleUI.java</file>
            <file>file:/C:/Users/Ahmad%20El-Gohary/Documents/NetBeansProjects/coe318/Lab7.2/lab7p2/src/coe318/lab7/Resistor.java</file>
        </group>
    </open-files>
</project-private>
