<?xml version="1.0" encoding="UTF-8"?>
<project-private xmlns="http://www.netbeans.org/ns/project-private/1">
    <editor-bookmarks xmlns="http://www.netbeans.org/ns/editor-bookmarks/2" lastBookmarkId="0"/>
    <open-files xmlns="http://www.netbeans.org/ns/projectui-open-files/2">
        <group>
            <file>file:/C:/Users/Ahmad%20El-Gohary/Documents/NetBeansProjects/coe528/coe528Lab2/src/lab2/matrix.java</file>
            <file>file:/C:/Users/Ahmad%20El-Gohary/Documents/NetBeansProjects/coe528/coe528Lab2/src/lab2/numbers.java</file>
            <file>file:/C:/Users/Ahmad%20El-Gohary/Documents/NetBeansProjects/coe528/coe528Lab2/src/lab2/ProceduralAbstraction.java</file>
        </group>
    </open-files>
</project-private>
