<?xml version="1.0" encoding="UTF-8"?>
<project-private xmlns="http://www.netbeans.org/ns/project-private/1">
    <editor-bookmarks xmlns="http://www.netbeans.org/ns/editor-bookmarks/2" lastBookmarkId="0"/>
    <open-files xmlns="http://www.netbeans.org/ns/projectui-open-files/2">
        <group>
            <file>file:/C:/Users/Ahmad%20El-Gohary/Documents/NetBeansProjects/Side%20Projects/cps510Assignment9/src/cps510assignment9/infoTable.java</file>
            <file>file:/C:/Users/Ahmad%20El-Gohary/Documents/NetBeansProjects/Side%20Projects/cps510Assignment9/src/cps510assignment9/MainPage.java</file>
            <file>file:/C:/Users/Ahmad%20El-Gohary/Documents/NetBeansProjects/Side%20Projects/cps510Assignment9/src/cps510assignment9/Teams.java</file>
            <file>file:/C:/Users/Ahmad%20El-Gohary/Documents/NetBeansProjects/Side%20Projects/cps510Assignment9/src/cps510assignment9/Coach.java</file>
            <file>file:/C:/Users/Ahmad%20El-Gohary/Documents/NetBeansProjects/Side%20Projects/cps510Assignment9/src/cps510assignment9/Players.java</file>
            <file>file:/C:/Users/Ahmad%20El-Gohary/Documents/NetBeansProjects/Side%20Projects/cps510Assignment9/src/cps510assignment9/Crew.java</file>
        </group>
    </open-files>
</project-private>
